token_slot,token_position,token_id,channel_slot,output_channel,setup_cycle,first_valid_cycle,final_cycle,reference,baseline_rtl_hex,baseline_rtl,baseline_absolute_error,baseline_relative_error,bucketgetter_rtl_hex,bucketgetter_rtl,bucketgetter_absolute_error,bucketgetter_relative_error,bucketgetter_vs_baseline_absolute_difference,bucketgetter_vs_baseline_relative_difference,bucketgetter_within_reporting_tolerance
0,128,22040,0,0,0,1,688,-0.035003662109375,bd0f6000,-0.035003662109375,0.0,0.0,bd0f6000,-0.035003662109375,0.0,0.0,0.0,0.0,True
0,128,22040,1,273,689,690,1377,-0.01617431640625,bc848000,-0.01617431640625,0.0,0.0,bc848000,-0.01617431640625,0.0,0.0,0.0,0.0,True
0,128,22040,2,546,1378,1379,2066,-0.07415771484375,bd97e000,-0.07415771484375,0.0,0.0,bd97e000,-0.07415771484375,0.0,0.0,0.0,0.0,True
0,128,22040,3,819,2067,2068,2755,-0.069854736328125,bd8f1000,-0.069854736328125,0.0,0.0,bd8f1000,-0.069854736328125,0.0,0.0,0.0,0.0,True
0,128,22040,4,1092,2756,2757,3444,-0.1087646484375,bddec000,-0.1087646484375,0.0,0.0,bddec000,-0.1087646484375,0.0,0.0,0.0,0.0,True
0,128,22040,5,1365,3445,3446,4133,0.28570556640625,3e924800,0.28570556640625,0.0,0.0,3e924800,0.28570556640625,0.0,0.0,0.0,0.0,True
0,128,22040,6,1638,4134,4135,4822,0.309326171875,3e9e6000,0.309326171875,0.0,0.0,3e9e6000,0.309326171875,0.0,0.0,0.0,0.0,True
0,128,22040,7,1911,4823,4824,5511,-0.1553955078125,be1f2000,-0.1553955078125,0.0,0.0,be1f2000,-0.1553955078125,0.0,0.0,0.0,0.0,True
0,128,22040,8,2184,5512,5513,6200,0.1248779296875,3dffc000,0.1248779296875,0.0,0.0,3dffc000,0.1248779296875,0.0,0.0,0.0,0.0,True
0,128,22040,9,2457,6201,6202,6889,-0.1136474609375,bde8c000,-0.1136474609375,0.0,0.0,bde8c000,-0.1136474609375,0.0,0.0,0.0,0.0,True
0,128,22040,10,2730,6890,6891,7578,0.03680419921875,3d16c000,0.03680419921875,0.0,0.0,3d16c000,0.03680419921875,0.0,0.0,0.0,0.0,True
0,128,22040,11,3003,7579,7580,8267,-0.04437255859375,bd35c000,-0.04437255859375,0.0,0.0,bd35c000,-0.04437255859375,0.0,0.0,0.0,0.0,True
0,128,22040,12,3276,8268,8269,8956,0.045684814453125,3d3b2000,0.045684814453125,0.0,0.0,3d3b2000,0.045684814453125,0.0,0.0,0.0,0.0,True
0,128,22040,13,3549,8957,8958,9645,0.127532958984375,3e029800,0.127532958984375,0.0,0.0,3e029800,0.127532958984375,0.0,0.0,0.0,0.0,True
0,128,22040,14,3822,9646,9647,10334,-0.112030029296875,bde57000,-0.112030029296875,0.0,0.0,bde57000,-0.112030029296875,0.0,0.0,0.0,0.0,True
0,128,22040,15,4095,10335,10336,11023,-0.09100341796875,bdba6000,-0.09100341796875,0.0,0.0,bdba6000,-0.09100341796875,0.0,0.0,0.0,0.0,True
1,129,4518,0,0,11024,11025,11712,0.1434326171875,3e12e000,0.1434326171875,0.0,0.0,3e12e000,0.1434326171875,0.0,0.0,0.0,0.0,True
1,129,4518,1,273,11713,11714,12401,-0.249053955078125,be7f0800,-0.249053955078125,0.0,0.0,be7f0800,-0.249053955078125,0.0,0.0,0.0,0.0,True
1,129,4518,2,546,12402,12403,13090,-0.08575439453125,bdafa000,-0.08575439453125,0.0,0.0,bdafa000,-0.08575439453125,0.0,0.0,0.0,0.0,True
1,129,4518,3,819,13091,13092,13779,-0.09783935546875,bdc86000,-0.09783935546875,0.0,0.0,bdc86000,-0.09783935546875,0.0,0.0,0.0,0.0,True
1,129,4518,4,1092,13780,13781,14468,0.146209716796875,3e15b800,0.146209716796875,0.0,0.0,3e15b800,0.146209716796875,0.0,0.0,0.0,0.0,True
1,129,4518,5,1365,14469,14470,15157,0.41571044921875,3ed4d800,0.41571044921875,0.0,0.0,3ed4d800,0.41571044921875,0.0,0.0,0.0,0.0,True
1,129,4518,6,1638,15158,15159,15846,0.27593994140625,3e8d4800,0.27593994140625,0.0,0.0,3e8d4800,0.27593994140625,0.0,0.0,0.0,0.0,True
1,129,4518,7,1911,15847,15848,16535,-0.11724853515625,bdf02000,-0.11724853515625,0.0,0.0,bdf02000,-0.11724853515625,0.0,0.0,0.0,0.0,True
1,129,4518,8,2184,16536,16537,17224,0.230712890625,3e6c4000,0.230712890625,0.0,0.0,3e6c4000,0.230712890625,0.0,0.0,0.0,0.0,True
1,129,4518,9,2457,17225,17226,17913,-0.274017333984375,be8c4c00,-0.274017333984375,0.0,0.0,be8c4c00,-0.274017333984375,0.0,0.0,0.0,0.0,True
1,129,4518,10,2730,17914,17915,18602,0.26116943359375,3e85b800,0.26116943359375,0.0,0.0,3e85b800,0.26116943359375,0.0,0.0,0.0,0.0,True
1,129,4518,11,3003,18603,18604,19291,-0.031158447265625,bcff4000,-0.031158447265625,0.0,0.0,bcff4000,-0.031158447265625,0.0,0.0,0.0,0.0,True
1,129,4518,12,3276,19292,19293,19980,-0.16656494140625,be2a9000,-0.16656494140625,0.0,0.0,be2a9000,-0.16656494140625,0.0,0.0,0.0,0.0,True
1,129,4518,13,3549,19981,19982,20669,-0.0791015625,bda20000,-0.0791015625,0.0,0.0,bda20000,-0.0791015625,0.0,0.0,0.0,0.0,True
1,129,4518,14,3822,20670,20671,21358,-0.117645263671875,bdf0f000,-0.117645263671875,0.0,0.0,bdf0f000,-0.117645263671875,0.0,0.0,0.0,0.0,True
1,129,4518,15,4095,21359,21360,22047,-0.192291259765625,be44e800,-0.192291259765625,0.0,0.0,be44e800,-0.192291259765625,0.0,0.0,0.0,0.0,True
2,130,525,0,0,22048,22049,22736,-0.005462646484375,bbb30000,-0.005462646484375,0.0,0.0,bbb30000,-0.005462646484375,0.0,0.0,0.0,0.0,True
2,130,525,1,273,22737,22738,23425,-0.0032958984375,bb580000,-0.0032958984375,0.0,0.0,bb580000,-0.0032958984375,0.0,0.0,0.0,0.0,True
2,130,525,2,546,23426,23427,24114,-0.070587158203125,bd909000,-0.070587158203125,0.0,0.0,bd909000,-0.070587158203125,0.0,0.0,0.0,0.0,True
2,130,525,3,819,24115,24116,24803,0.2750701904296875,3e8cd600,0.2750701904296875,0.0,0.0,3e8cd600,0.2750701904296875,0.0,0.0,0.0,0.0,True
2,130,525,4,1092,24804,24805,25492,-0.11871337890625,bdf32000,-0.11871337890625,0.0,0.0,bdf32000,-0.11871337890625,0.0,0.0,0.0,0.0,True
2,130,525,5,1365,25493,25494,26181,-0.073486328125,bd968000,-0.073486328125,0.0,0.0,bd968000,-0.073486328125,0.0,0.0,0.0,0.0,True
2,130,525,6,1638,26182,26183,26870,-0.044036865234375,bd346000,-0.044036865234375,0.0,0.0,bd346000,-0.044036865234375,0.0,0.0,0.0,0.0,True
2,130,525,7,1911,26871,26872,27559,-0.302215576171875,be9abc00,-0.302215576171875,0.0,0.0,be9abc00,-0.302215576171875,0.0,0.0,0.0,0.0,True
2,130,525,8,2184,27560,27561,28248,0.115478515625,3dec8000,0.115478515625,0.0,0.0,3dec8000,0.115478515625,0.0,0.0,0.0,0.0,True
2,130,525,9,2457,28249,28250,28937,-0.060882568359375,bd796000,-0.060882568359375,0.0,0.0,bd796000,-0.060882568359375,0.0,0.0,0.0,0.0,True
2,130,525,10,2730,28938,28939,29626,-0.0986328125,bdca0000,-0.0986328125,0.0,0.0,bdca0000,-0.0986328125,0.0,0.0,0.0,0.0,True
2,130,525,11,3003,29627,29628,30315,-0.296356201171875,be97bc00,-0.296356201171875,0.0,0.0,be97bc00,-0.296356201171875,0.0,0.0,0.0,0.0,True
2,130,525,12,3276,30316,30317,31004,-0.18682861328125,be3f5000,-0.18682861328125,0.0,0.0,be3f5000,-0.18682861328125,0.0,0.0,0.0,0.0,True
2,130,525,13,3549,31005,31006,31693,0.152496337890625,3e1c2800,0.152496337890625,0.0,0.0,3e1c2800,0.152496337890625,0.0,0.0,0.0,0.0,True
2,130,525,14,3822,31694,31695,32382,0.0992431640625,3dcb4000,0.0992431640625,0.0,0.0,3dcb4000,0.0992431640625,0.0,0.0,0.0,0.0,True
2,130,525,15,4095,32383,32384,33071,0.13262939453125,3e07d000,0.13262939453125,0.0,0.0,3e07d000,0.13262939453125,0.0,0.0,0.0,0.0,True
3,131,29879,0,0,33072,33073,33760,0.142669677734375,3e121800,0.142669677734375,0.0,0.0,3e121800,0.142669677734375,0.0,0.0,0.0,0.0,True
3,131,29879,1,273,33761,33762,34449,-0.1129150390625,bde74000,-0.1129150390625,0.0,0.0,bde74000,-0.1129150390625,0.0,0.0,0.0,0.0,True
3,131,29879,2,546,34450,34451,35138,0.044342041015625,3d35a000,0.044342041015625,0.0,0.0,3d35a000,0.044342041015625,0.0,0.0,0.0,0.0,True
3,131,29879,3,819,35139,35140,35827,-0.05596923828125,bd654000,-0.05596923828125,0.0,0.0,bd654000,-0.05596923828125,0.0,0.0,0.0,0.0,True
3,131,29879,4,1092,35828,35829,36516,0.11083984375,3de30000,0.11083984375,0.0,0.0,3de30000,0.11083984375,0.0,0.0,0.0,0.0,True
3,131,29879,5,1365,36517,36518,37205,0.0582275390625,3d6e8000,0.0582275390625,0.0,0.0,3d6e8000,0.0582275390625,0.0,0.0,0.0,0.0,True
3,131,29879,6,1638,37206,37207,37894,-0.102447509765625,bdd1d000,-0.102447509765625,0.0,0.0,bdd1d000,-0.102447509765625,0.0,0.0,0.0,0.0,True
3,131,29879,7,1911,37895,37896,38583,0.047271728515625,3d41a000,0.047271728515625,0.0,0.0,3d41a000,0.047271728515625,0.0,0.0,0.0,0.0,True
3,131,29879,8,2184,38584,38585,39272,0.11639404296875,3dee6000,0.11639404296875,0.0,0.0,3dee6000,0.11639404296875,0.0,0.0,0.0,0.0,True
3,131,29879,9,2457,39273,39274,39961,-0.21942138671875,be60b000,-0.21942138671875,0.0,0.0,be60b000,-0.21942138671875,0.0,0.0,0.0,0.0,True
3,131,29879,10,2730,39962,39963,40650,-0.03045654296875,bcf98000,-0.03045654296875,0.0,0.0,bcf98000,-0.03045654296875,0.0,0.0,0.0,0.0,True
3,131,29879,11,3003,40651,40652,41339,-0.002288818359375,bb160000,-0.002288818359375,0.0,0.0,bb160000,-0.002288818359375,0.0,0.0,0.0,0.0,True
3,131,29879,12,3276,41340,41341,42028,-0.05828857421875,bd6ec000,-0.05828857421875,0.0,0.0,bd6ec000,-0.05828857421875,0.0,0.0,0.0,0.0,True
3,131,29879,13,3549,42029,42030,42717,0.00830078125,3c080000,0.00830078125,0.0,0.0,3c080000,0.00830078125,0.0,0.0,0.0,0.0,True
3,131,29879,14,3822,42718,42719,43406,-0.172119140625,be304000,-0.172119140625,0.0,0.0,be304000,-0.172119140625,0.0,0.0,0.0,0.0,True
3,131,29879,15,4095,43407,43408,44095,-0.17730712890625,be359000,-0.17730712890625,0.0,0.0,be359000,-0.17730712890625,0.0,0.0,0.0,0.0,True
4,132,13740,0,0,44096,44097,44784,-0.044097900390625,bd34a000,-0.044097900390625,0.0,0.0,bd34a000,-0.044097900390625,0.0,0.0,0.0,0.0,True
4,132,13740,1,273,44785,44786,45473,0.041351318359375,3d296000,0.041351318359375,0.0,0.0,3d296000,0.041351318359375,0.0,0.0,0.0,0.0,True
4,132,13740,2,546,45474,45475,46162,0.07427978515625,3d982000,0.07427978515625,0.0,0.0,3d982000,0.07427978515625,0.0,0.0,0.0,0.0,True
4,132,13740,3,819,46163,46164,46851,-0.0992889404296875,bdcb5800,-0.0992889404296875,0.0,0.0,bdcb5800,-0.0992889404296875,0.0,0.0,0.0,0.0,True
4,132,13740,4,1092,46852,46853,47540,-0.21356201171875,be5ab000,-0.21356201171875,0.0,0.0,be5ab000,-0.21356201171875,0.0,0.0,0.0,0.0,True
4,132,13740,5,1365,47541,47542,48229,0.077667236328125,3d9f1000,0.077667236328125,0.0,0.0,3d9f1000,0.077667236328125,0.0,0.0,0.0,0.0,True
4,132,13740,6,1638,48230,48231,48918,-0.055511474609375,bd636000,-0.055511474609375,0.0,0.0,bd636000,-0.055511474609375,0.0,0.0,0.0,0.0,True
4,132,13740,7,1911,48919,48920,49607,-0.42327880859375,bed8b800,-0.42327880859375,0.0,0.0,bed8b800,-0.42327880859375,0.0,0.0,0.0,0.0,True
4,132,13740,8,2184,49608,49609,50296,0.1123046875,3de60000,0.1123046875,0.0,0.0,3de60000,0.1123046875,0.0,0.0,0.0,0.0,True
4,132,13740,9,2457,50297,50298,50985,0.0518951416015625,3d549000,0.0518951416015625,0.0,0.0,3d549000,0.0518951416015625,0.0,0.0,0.0,0.0,True
4,132,13740,10,2730,50986,50987,51674,0.0186004638671875,3c986000,0.0186004638671875,0.0,0.0,3c986000,0.0186004638671875,0.0,0.0,0.0,0.0,True
4,132,13740,11,3003,51675,51676,52363,0.00372314453125,3b740000,0.00372314453125,0.0,0.0,3b740000,0.00372314453125,0.0,0.0,0.0,0.0,True
4,132,13740,12,3276,52364,52365,53052,0.121124267578125,3df81000,0.121124267578125,0.0,0.0,3df81000,0.121124267578125,0.0,0.0,0.0,0.0,True
4,132,13740,13,3549,53053,53054,53741,-0.1543426513671875,be1e0c00,-0.1543426513671875,0.0,0.0,be1e0c00,-0.1543426513671875,0.0,0.0,0.0,0.0,True
4,132,13740,14,3822,53742,53743,54430,0.109710693359375,3de0b000,0.109710693359375,0.0,0.0,3de0b000,0.109710693359375,0.0,0.0,0.0,0.0,True
4,132,13740,15,4095,54431,54432,55119,0.208404541015625,3e556800,0.208404541015625,0.0,0.0,3e556800,0.208404541015625,0.0,0.0,0.0,0.0,True
5,133,376,0,0,55120,55121,55808,-0.06011962890625,bd764000,-0.06011962890625,0.0,0.0,bd764000,-0.06011962890625,0.0,0.0,0.0,0.0,True
5,133,376,1,273,55809,55810,56497,0.076812744140625,3d9d5000,0.076812744140625,0.0,0.0,3d9d5000,0.076812744140625,0.0,0.0,0.0,0.0,True
5,133,376,2,546,56498,56499,57186,0.00152587890625,3ac80000,0.00152587890625,0.0,0.0,3ac80000,0.00152587890625,0.0,0.0,0.0,0.0,True
5,133,376,3,819,57187,57188,57875,0.22442626953125,3e65d000,0.22442626953125,0.0,0.0,3e65d000,0.22442626953125,0.0,0.0,0.0,0.0,True
5,133,376,4,1092,57876,57877,58564,0.025482177734375,3cd0c000,0.025482177734375,0.0,0.0,3cd0c000,0.025482177734375,0.0,0.0,0.0,0.0,True
5,133,376,5,1365,58565,58566,59253,-0.199005126953125,be4bc800,-0.199005126953125,0.0,0.0,be4bc800,-0.199005126953125,0.0,0.0,0.0,0.0,True
5,133,376,6,1638,59254,59255,59942,-0.199798583984375,be4c9800,-0.199798583984375,0.0,0.0,be4c9800,-0.199798583984375,0.0,0.0,0.0,0.0,True
5,133,376,7,1911,59943,59944,60631,-0.47210693359375,bef1b800,-0.47210693359375,0.0,0.0,bef1b800,-0.47210693359375,0.0,0.0,0.0,0.0,True
5,133,376,8,2184,60632,60633,61320,-0.03411865234375,bd0bc000,-0.03411865234375,0.0,0.0,bd0bc000,-0.03411865234375,0.0,0.0,0.0,0.0,True
5,133,376,9,2457,61321,61322,62009,-0.106231689453125,bdd99000,-0.106231689453125,0.0,0.0,bdd99000,-0.106231689453125,0.0,0.0,0.0,0.0,True
5,133,376,10,2730,62010,62011,62698,-0.09747314453125,bdc7a000,-0.09747314453125,0.0,0.0,bdc7a000,-0.09747314453125,0.0,0.0,0.0,0.0,True
5,133,376,11,3003,62699,62700,63387,0.01068115234375,3c2f0000,0.01068115234375,0.0,0.0,3c2f0000,0.01068115234375,0.0,0.0,0.0,0.0,True
5,133,376,12,3276,63388,63389,64076,-0.111297607421875,bde3f000,-0.111297607421875,0.0,0.0,bde3f000,-0.111297607421875,0.0,0.0,0.0,0.0,True
5,133,376,13,3549,64077,64078,64765,-0.0078125,bc000000,-0.0078125,0.0,0.0,bc000000,-0.0078125,0.0,0.0,0.0,0.0,True
5,133,376,14,3822,64766,64767,65454,0.261322021484375,3e85cc00,0.261322021484375,0.0,0.0,3e85cc00,0.261322021484375,0.0,0.0,0.0,0.0,True
5,133,376,15,4095,65455,65456,66143,0.2657623291015625,3e881200,0.2657623291015625,0.0,0.0,3e881200,0.2657623291015625,0.0,0.0,0.0,0.0,True
6,134,310,0,0,66144,66145,66832,-0.02392578125,bcc40000,-0.02392578125,0.0,0.0,bcc40000,-0.02392578125,0.0,0.0,0.0,0.0,True
6,134,310,1,273,66833,66834,67521,0.04864501953125,3d474000,0.04864501953125,0.0,0.0,3d474000,0.04864501953125,0.0,0.0,0.0,0.0,True
6,134,310,2,546,67522,67523,68210,-0.29486083984375,be96f800,-0.29486083984375,0.0,0.0,be96f800,-0.29486083984375,0.0,0.0,0.0,0.0,True
6,134,310,3,819,68211,68212,68899,0.09783935546875,3dc86000,0.09783935546875,0.0,0.0,3dc86000,0.09783935546875,0.0,0.0,0.0,0.0,True
6,134,310,4,1092,68900,68901,69588,-0.1317138671875,be06e000,-0.1317138671875,0.0,0.0,be06e000,-0.1317138671875,0.0,0.0,0.0,0.0,True
6,134,310,5,1365,69589,69590,70277,0.10028076171875,3dcd6000,0.10028076171875,0.0,0.0,3dcd6000,0.10028076171875,0.0,0.0,0.0,0.0,True
6,134,310,6,1638,70278,70279,70966,0.12823486328125,3e035000,0.12823486328125,0.0,0.0,3e035000,0.12823486328125,0.0,0.0,0.0,0.0,True
6,134,310,7,1911,70967,70968,71655,-0.3701171875,bebd8000,-0.3701171875,0.0,0.0,bebd8000,-0.3701171875,0.0,0.0,0.0,0.0,True
6,134,310,8,2184,71656,71657,72344,0.005889892578125,3bc10000,0.005889892578125,0.0,0.0,3bc10000,0.005889892578125,0.0,0.0,0.0,0.0,True
6,134,310,9,2457,72345,72346,73033,-0.1053466796875,bdd7c000,-0.1053466796875,0.0,0.0,bdd7c000,-0.1053466796875,0.0,0.0,0.0,0.0,True
6,134,310,10,2730,73034,73035,73722,0.06329345703125,3d81a000,0.06329345703125,0.0,0.0,3d81a000,0.06329345703125,0.0,0.0,0.0,0.0,True
6,134,310,11,3003,73723,73724,74411,0.151123046875,3e1ac000,0.151123046875,0.0,0.0,3e1ac000,0.151123046875,0.0,0.0,0.0,0.0,True
6,134,310,12,3276,74412,74413,75100,-0.07257080078125,bd94a000,-0.07257080078125,0.0,0.0,bd94a000,-0.07257080078125,0.0,0.0,0.0,0.0,True
6,134,310,13,3549,75101,75102,75789,-0.2999267578125,be999000,-0.2999267578125,0.0,0.0,be999000,-0.2999267578125,0.0,0.0,0.0,0.0,True
6,134,310,14,3822,75790,75791,76478,0.27166748046875,3e8b1800,0.27166748046875,0.0,0.0,3e8b1800,0.27166748046875,0.0,0.0,0.0,0.0,True
6,134,310,15,4095,76479,76480,77167,-0.048095703125,bd450000,-0.048095703125,0.0,0.0,bd450000,-0.048095703125,0.0,0.0,0.0,0.0,True
7,135,278,0,0,77168,77169,77856,-0.136322021484375,be0b9800,-0.136322021484375,0.0,0.0,be0b9800,-0.136322021484375,0.0,0.0,0.0,0.0,True
7,135,278,1,273,77857,77858,78545,-0.3607177734375,beb8b000,-0.3607177734375,0.0,0.0,beb8b000,-0.3607177734375,0.0,0.0,0.0,0.0,True
7,135,278,2,546,78546,78547,79234,-0.210784912109375,be57d800,-0.210784912109375,0.0,0.0,be57d800,-0.210784912109375,0.0,0.0,0.0,0.0,True
7,135,278,3,819,79235,79236,79923,-0.0601806640625,bd768000,-0.0601806640625,0.0,0.0,bd768000,-0.0601806640625,0.0,0.0,0.0,0.0,True
7,135,278,4,1092,79924,79925,80612,-0.02264404296875,bcb98000,-0.02264404296875,0.0,0.0,bcb98000,-0.02264404296875,0.0,0.0,0.0,0.0,True
7,135,278,5,1365,80613,80614,81301,0.002197265625,3b100000,0.002197265625,0.0,0.0,3b100000,0.002197265625,0.0,0.0,0.0,0.0,True
7,135,278,6,1638,81302,81303,81990,0.28741455078125,3e932800,0.28741455078125,0.0,0.0,3e932800,0.28741455078125,0.0,0.0,0.0,0.0,True
7,135,278,7,1911,81991,81992,82679,-0.05712890625,bd6a0000,-0.05712890625,0.0,0.0,bd6a0000,-0.05712890625,0.0,0.0,0.0,0.0,True
7,135,278,8,2184,82680,82681,83368,-0.364166259765625,beba7400,-0.364166259765625,0.0,0.0,beba7400,-0.364166259765625,0.0,0.0,0.0,0.0,True
7,135,278,9,2457,83369,83370,84057,0.0782470703125,3da04000,0.0782470703125,0.0,0.0,3da04000,0.0782470703125,0.0,0.0,0.0,0.0,True
7,135,278,10,2730,84058,84059,84746,0.223358154296875,3e64b800,0.223358154296875,0.0,0.0,3e64b800,0.223358154296875,0.0,0.0,0.0,0.0,True
7,135,278,11,3003,84747,84748,85435,-0.073760986328125,bd971000,-0.073760986328125,0.0,0.0,bd971000,-0.073760986328125,0.0,0.0,0.0,0.0,True
7,135,278,12,3276,85436,85437,86124,-0.11102294921875,bde36000,-0.11102294921875,0.0,0.0,bde36000,-0.11102294921875,0.0,0.0,0.0,0.0,True
7,135,278,13,3549,86125,86126,86813,-0.22601318359375,be677000,-0.22601318359375,0.0,0.0,be677000,-0.22601318359375,0.0,0.0,0.0,0.0,True
7,135,278,14,3822,86814,86815,87502,-0.10296630859375,bdd2e000,-0.10296630859375,0.0,0.0,bdd2e000,-0.10296630859375,0.0,0.0,0.0,0.0,True
7,135,278,15,4095,87503,87504,88191,-0.469268798828125,bef04400,-0.469268798828125,0.0,0.0,bef04400,-0.469268798828125,0.0,0.0,0.0,0.0,True
8,136,11456,0,0,88192,88193,88880,-0.1046142578125,bdd64000,-0.1046142578125,0.0,0.0,bdd64000,-0.1046142578125,0.0,0.0,0.0,0.0,True
8,136,11456,1,273,88881,88882,89569,-0.28369140625,be914000,-0.28369140625,0.0,0.0,be914000,-0.28369140625,0.0,0.0,0.0,0.0,True
8,136,11456,2,546,89570,89571,90258,-0.3343505859375,beab3000,-0.3343505859375,0.0,0.0,beab3000,-0.3343505859375,0.0,0.0,0.0,0.0,True
8,136,11456,3,819,90259,90260,90947,0.0948486328125,3dc24000,0.0948486328125,0.0,0.0,3dc24000,0.0948486328125,0.0,0.0,0.0,0.0,True
8,136,11456,4,1092,90948,90949,91636,-0.2060546875,be530000,-0.2060546875,0.0,0.0,be530000,-0.2060546875,0.0,0.0,0.0,0.0,True
8,136,11456,5,1365,91637,91638,92325,-0.09246826171875,bdbd6000,-0.09246826171875,0.0,0.0,bdbd6000,-0.09246826171875,0.0,0.0,0.0,0.0,True
8,136,11456,6,1638,92326,92327,93014,0.093475341796875,3dbf7000,0.093475341796875,0.0,0.0,3dbf7000,0.093475341796875,0.0,0.0,0.0,0.0,True
8,136,11456,7,1911,93015,93016,93703,-0.17071533203125,be2ed000,-0.17071533203125,0.0,0.0,be2ed000,-0.17071533203125,0.0,0.0,0.0,0.0,True
8,136,11456,8,2184,93704,93705,94392,-0.17138671875,be2f8000,-0.17138671875,0.0,0.0,be2f8000,-0.17138671875,0.0,0.0,0.0,0.0,True
8,136,11456,9,2457,94393,94394,95081,0.10272216796875,3dd26000,0.10272216796875,0.0,0.0,3dd26000,0.10272216796875,0.0,0.0,0.0,0.0,True
8,136,11456,10,2730,95082,95083,95770,-0.09222412109375,bdbce000,-0.09222412109375,0.0,0.0,bdbce000,-0.09222412109375,0.0,0.0,0.0,0.0,True
8,136,11456,11,3003,95771,95772,96459,-0.02349853515625,bcc08000,-0.02349853515625,0.0,0.0,bcc08000,-0.02349853515625,0.0,0.0,0.0,0.0,True
8,136,11456,12,3276,96460,96461,97148,-0.020904541015625,bcab4000,-0.020904541015625,0.0,0.0,bcab4000,-0.020904541015625,0.0,0.0,0.0,0.0,True
8,136,11456,13,3549,97149,97150,97837,-0.09747314453125,bdc7a000,-0.09747314453125,0.0,0.0,bdc7a000,-0.09747314453125,0.0,0.0,0.0,0.0,True
8,136,11456,14,3822,97838,97839,98526,-0.04083251953125,bd274000,-0.04083251953125,0.0,0.0,bd274000,-0.04083251953125,0.0,0.0,0.0,0.0,True
8,136,11456,15,4095,98527,98528,99215,-0.288116455078125,be938400,-0.288116455078125,0.0,0.0,be938400,-0.288116455078125,0.0,0.0,0.0,0.0,True
9,137,3652,0,0,99216,99217,99904,0.17779541015625,3e361000,0.17779541015625,0.0,0.0,3e361000,0.17779541015625,0.0,0.0,0.0,0.0,True
9,137,3652,1,273,99905,99906,100593,-0.08575439453125,bdafa000,-0.08575439453125,0.0,0.0,bdafa000,-0.08575439453125,0.0,0.0,0.0,0.0,True
9,137,3652,2,546,100594,100595,101282,-0.1719970703125,be302000,-0.1719970703125,0.0,0.0,be302000,-0.1719970703125,0.0,0.0,0.0,0.0,True
9,137,3652,3,819,101283,101284,101971,0.12091064453125,3df7a000,0.12091064453125,0.0,0.0,3df7a000,0.12091064453125,0.0,0.0,0.0,0.0,True
9,137,3652,4,1092,101972,101973,102660,-0.18939208984375,be41f000,-0.18939208984375,0.0,0.0,be41f000,-0.18939208984375,0.0,0.0,0.0,0.0,True
9,137,3652,5,1365,102661,102662,103349,0.074676513671875,3d98f000,0.074676513671875,0.0,0.0,3d98f000,0.074676513671875,0.0,0.0,0.0,0.0,True
9,137,3652,6,1638,103350,103351,104038,0.18951416015625,3e421000,0.18951416015625,0.0,0.0,3e421000,0.18951416015625,0.0,0.0,0.0,0.0,True
9,137,3652,7,1911,104039,104040,104727,-0.27642822265625,be8d8800,-0.27642822265625,0.0,0.0,be8d8800,-0.27642822265625,0.0,0.0,0.0,0.0,True
9,137,3652,8,2184,104728,104729,105416,-0.153778076171875,be1d7800,-0.153778076171875,0.0,0.0,be1d7800,-0.153778076171875,0.0,0.0,0.0,0.0,True
9,137,3652,9,2457,105417,105418,106105,-0.2359619140625,be71a000,-0.2359619140625,0.0,0.0,be71a000,-0.2359619140625,0.0,0.0,0.0,0.0,True
9,137,3652,10,2730,106106,106107,106794,0.21099853515625,3e581000,0.21099853515625,0.0,0.0,3e581000,0.21099853515625,0.0,0.0,0.0,0.0,True
9,137,3652,11,3003,106795,106796,107483,0.31304931640625,3ea04800,0.31304931640625,0.0,0.0,3ea04800,0.31304931640625,0.0,0.0,0.0,0.0,True
9,137,3652,12,3276,107484,107485,108172,0.09417724609375,3dc0e000,0.09417724609375,0.0,0.0,3dc0e000,0.09417724609375,0.0,0.0,0.0,0.0,True
9,137,3652,13,3549,108173,108174,108861,-0.118133544921875,bdf1f000,-0.118133544921875,0.0,0.0,bdf1f000,-0.118133544921875,0.0,0.0,0.0,0.0,True
9,137,3652,14,3822,108862,108863,109550,0.079833984375,3da38000,0.079833984375,0.0,0.0,3da38000,0.079833984375,0.0,0.0,0.0,0.0,True
9,137,3652,15,4095,109551,109552,110239,0.110565185546875,3de27000,0.110565185546875,0.0,0.0,3de27000,0.110565185546875,0.0,0.0,0.0,0.0,True
10,138,450,0,0,110240,110241,110928,0.121337890625,3df88000,0.121337890625,0.0,0.0,3df88000,0.121337890625,0.0,0.0,0.0,0.0,True
10,138,450,1,273,110929,110930,111617,-0.258941650390625,be849400,-0.258941650390625,0.0,0.0,be849400,-0.258941650390625,0.0,0.0,0.0,0.0,True
10,138,450,2,546,111618,111619,112306,0.079315185546875,3da27000,0.079315185546875,0.0,0.0,3da27000,0.079315185546875,0.0,0.0,0.0,0.0,True
10,138,450,3,819,112307,112308,112995,0.0499267578125,3d4c8000,0.0499267578125,0.0,0.0,3d4c8000,0.0499267578125,0.0,0.0,0.0,0.0,True
10,138,450,4,1092,112996,112997,113684,-0.118438720703125,bdf29000,-0.118438720703125,0.0,0.0,bdf29000,-0.118438720703125,0.0,0.0,0.0,0.0,True
10,138,450,5,1365,113685,113686,114373,0.012054443359375,3c458000,0.012054443359375,0.0,0.0,3c458000,0.012054443359375,0.0,0.0,0.0,0.0,True
10,138,450,6,1638,114374,114375,115062,-0.0230712890625,bcbd0000,-0.0230712890625,0.0,0.0,bcbd0000,-0.0230712890625,0.0,0.0,0.0,0.0,True
10,138,450,7,1911,115063,115064,115751,-0.16461181640625,be289000,-0.16461181640625,0.0,0.0,be289000,-0.16461181640625,0.0,0.0,0.0,0.0,True
10,138,450,8,2184,115752,115753,116440,0.061614990234375,3d7c6000,0.061614990234375,0.0,0.0,3d7c6000,0.061614990234375,0.0,0.0,0.0,0.0,True
10,138,450,9,2457,116441,116442,117129,-0.0277099609375,bce30000,-0.0277099609375,0.0,0.0,bce30000,-0.0277099609375,0.0,0.0,0.0,0.0,True
10,138,450,10,2730,117130,117131,117818,0.064910888671875,3d84f000,0.064910888671875,0.0,0.0,3d84f000,0.064910888671875,0.0,0.0,0.0,0.0,True
10,138,450,11,3003,117819,117820,118507,0.364410400390625,3eba9400,0.364410400390625,0.0,0.0,3eba9400,0.364410400390625,0.0,0.0,0.0,0.0,True
10,138,450,12,3276,118508,118509,119196,-0.061767578125,bd7d0000,-0.061767578125,0.0,0.0,bd7d0000,-0.061767578125,0.0,0.0,0.0,0.0,True
10,138,450,13,3549,119197,119198,119885,-0.126495361328125,be018800,-0.126495361328125,0.0,0.0,be018800,-0.126495361328125,0.0,0.0,0.0,0.0,True
10,138,450,14,3822,119886,119887,120574,0.187744140625,3e404000,0.187744140625,0.0,0.0,3e404000,0.187744140625,0.0,0.0,0.0,0.0,True
10,138,450,15,4095,120575,120576,121263,-0.078460693359375,bda0b000,-0.078460693359375,0.0,0.0,bda0b000,-0.078460693359375,0.0,0.0,0.0,0.0,True
11,139,6242,0,0,121264,121265,121952,0.000518798828125,3a080000,0.000518798828125,0.0,0.0,3a080000,0.000518798828125,0.0,0.0,0.0,0.0,True
11,139,6242,1,273,121953,121954,122641,-0.027740478515625,bce34000,-0.027740478515625,0.0,0.0,bce34000,-0.027740478515625,0.0,0.0,0.0,0.0,True
11,139,6242,2,546,122642,122643,123330,-0.1290283203125,be042000,-0.1290283203125,0.0,0.0,be042000,-0.1290283203125,0.0,0.0,0.0,0.0,True
11,139,6242,3,819,123331,123332,124019,-0.18927001953125,be41d000,-0.18927001953125,0.0,0.0,be41d000,-0.18927001953125,0.0,0.0,0.0,0.0,True
11,139,6242,4,1092,124020,124021,124708,-0.378692626953125,bec1e400,-0.378692626953125,0.0,0.0,bec1e400,-0.378692626953125,0.0,0.0,0.0,0.0,True
11,139,6242,5,1365,124709,124710,125397,-0.0030670166015625,bb490000,-0.0030670166015625,0.0,0.0,bb490000,-0.0030670166015625,0.0,0.0,0.0,0.0,True
11,139,6242,6,1638,125398,125399,126086,0.232391357421875,3e6df800,0.232391357421875,0.0,0.0,3e6df800,0.232391357421875,0.0,0.0,0.0,0.0,True
11,139,6242,7,1911,126087,126088,126775,-0.177520751953125,be35c800,-0.177520751953125,0.0,0.0,be35c800,-0.177520751953125,0.0,0.0,0.0,0.0,True
11,139,6242,8,2184,126776,126777,127464,0.07611083984375,3d9be000,0.07611083984375,0.0,0.0,3d9be000,0.07611083984375,0.0,0.0,0.0,0.0,True
11,139,6242,9,2457,127465,127466,128153,-0.03271484375,bd060000,-0.03271484375,0.0,0.0,bd060000,-0.03271484375,0.0,0.0,0.0,0.0,True
11,139,6242,10,2730,128154,128155,128842,0.145263671875,3e14c000,0.145263671875,0.0,0.0,3e14c000,0.145263671875,0.0,0.0,0.0,0.0,True
11,139,6242,11,3003,128843,128844,129531,0.090057373046875,3db87000,0.090057373046875,0.0,0.0,3db87000,0.090057373046875,0.0,0.0,0.0,0.0,True
11,139,6242,12,3276,129532,129533,130220,-0.047637939453125,bd432000,-0.047637939453125,0.0,0.0,bd432000,-0.047637939453125,0.0,0.0,0.0,0.0,True
11,139,6242,13,3549,130221,130222,130909,-0.111328125,bde40000,-0.111328125,0.0,0.0,bde40000,-0.111328125,0.0,0.0,0.0,0.0,True
11,139,6242,14,3822,130910,130911,131598,-0.0377197265625,bd1a8000,-0.0377197265625,0.0,0.0,bd1a8000,-0.0377197265625,0.0,0.0,0.0,0.0,True
11,139,6242,15,4095,131599,131600,132287,0.039154052734375,3d206000,0.039154052734375,0.0,0.0,3d206000,0.039154052734375,0.0,0.0,0.0,0.0,True
12,140,383,0,0,132288,132289,132976,-0.100189208984375,bdcd3000,-0.100189208984375,0.0,0.0,bdcd3000,-0.100189208984375,0.0,0.0,0.0,0.0,True
12,140,383,1,273,132977,132978,133665,0.367462158203125,3ebc2400,0.367462158203125,0.0,0.0,3ebc2400,0.367462158203125,0.0,0.0,0.0,0.0,True
12,140,383,2,546,133666,133667,134354,-0.1224365234375,bdfac000,-0.1224365234375,0.0,0.0,bdfac000,-0.1224365234375,0.0,0.0,0.0,0.0,True
12,140,383,3,819,134355,134356,135043,-0.018524169921875,bc97c000,-0.018524169921875,0.0,0.0,bc97c000,-0.018524169921875,0.0,0.0,0.0,0.0,True
12,140,383,4,1092,135044,135045,135732,-0.2611083984375,be85b000,-0.2611083984375,0.0,0.0,be85b000,-0.2611083984375,0.0,0.0,0.0,0.0,True
12,140,383,5,1365,135733,135734,136421,-0.142242431640625,be11a800,-0.142242431640625,0.0,0.0,be11a800,-0.142242431640625,0.0,0.0,0.0,0.0,True
12,140,383,6,1638,136422,136423,137110,0.192718505859375,3e455800,0.192718505859375,0.0,0.0,3e455800,0.192718505859375,0.0,0.0,0.0,0.0,True
12,140,383,7,1911,137111,137112,137799,-0.27935791015625,be8f0800,-0.27935791015625,0.0,0.0,be8f0800,-0.27935791015625,0.0,0.0,0.0,0.0,True
12,140,383,8,2184,137800,137801,138488,0.0426025390625,3d2e8000,0.0426025390625,0.0,0.0,3d2e8000,0.0426025390625,0.0,0.0,0.0,0.0,True
12,140,383,9,2457,138489,138490,139177,0.170074462890625,3e2e2800,0.170074462890625,0.0,0.0,3e2e2800,0.170074462890625,0.0,0.0,0.0,0.0,True
12,140,383,10,2730,139178,139179,139866,0.183929443359375,3e3c5800,0.183929443359375,0.0,0.0,3e3c5800,0.183929443359375,0.0,0.0,0.0,0.0,True
12,140,383,11,3003,139867,139868,140555,-0.012420654296875,bc4b8000,-0.012420654296875,0.0,0.0,bc4b8000,-0.012420654296875,0.0,0.0,0.0,0.0,True
12,140,383,12,3276,140556,140557,141244,-0.300628662109375,be99ec00,-0.300628662109375,0.0,0.0,be99ec00,-0.300628662109375,0.0,0.0,0.0,0.0,True
12,140,383,13,3549,141245,141246,141933,-0.0806884765625,bda54000,-0.0806884765625,0.0,0.0,bda54000,-0.0806884765625,0.0,0.0,0.0,0.0,True
12,140,383,14,3822,141934,141935,142622,-0.068511962890625,bd8c5000,-0.068511962890625,0.0,0.0,bd8c5000,-0.068511962890625,0.0,0.0,0.0,0.0,True
12,140,383,15,4095,142623,142624,143311,-0.053955078125,bd5d0000,-0.053955078125,0.0,0.0,bd5d0000,-0.053955078125,0.0,0.0,0.0,0.0,True
13,141,3568,0,0,143312,143313,144000,-0.06549072265625,bd862000,-0.06549072265625,0.0,0.0,bd862000,-0.06549072265625,0.0,0.0,0.0,0.0,True
13,141,3568,1,273,144001,144002,144689,0.253143310546875,3e819c00,0.253143310546875,0.0,0.0,3e819c00,0.253143310546875,0.0,0.0,0.0,0.0,True
13,141,3568,2,546,144690,144691,145378,-0.006622314453125,bbd90000,-0.006622314453125,0.0,0.0,bbd90000,-0.006622314453125,0.0,0.0,0.0,0.0,True
13,141,3568,3,819,145379,145380,146067,0.0255126953125,3cd10000,0.0255126953125,0.0,0.0,3cd10000,0.0255126953125,0.0,0.0,0.0,0.0,True
13,141,3568,4,1092,146068,146069,146756,0.10845947265625,3dde2000,0.10845947265625,0.0,0.0,3dde2000,0.10845947265625,0.0,0.0,0.0,0.0,True
13,141,3568,5,1365,146757,146758,147445,-0.0377197265625,bd1a8000,-0.0377197265625,0.0,0.0,bd1a8000,-0.0377197265625,0.0,0.0,0.0,0.0,True
13,141,3568,6,1638,147446,147447,148134,-0.01251220703125,bc4d0000,-0.01251220703125,0.0,0.0,bc4d0000,-0.01251220703125,0.0,0.0,0.0,0.0,True
13,141,3568,7,1911,148135,148136,148823,-0.4437103271484375,bee32e00,-0.4437103271484375,0.0,0.0,bee32e00,-0.4437103271484375,0.0,0.0,0.0,0.0,True
13,141,3568,8,2184,148824,148825,149512,-0.027679443359375,bce2c000,-0.027679443359375,0.0,0.0,bce2c000,-0.027679443359375,0.0,0.0,0.0,0.0,True
13,141,3568,9,2457,149513,149514,150201,0.00042724609375,39e00000,0.00042724609375,0.0,0.0,39e00000,0.00042724609375,0.0,0.0,0.0,0.0,True
13,141,3568,10,2730,150202,150203,150890,-0.063568115234375,bd823000,-0.063568115234375,0.0,0.0,bd823000,-0.063568115234375,0.0,0.0,0.0,0.0,True
13,141,3568,11,3003,150891,150892,151579,0.0482177734375,3d458000,0.0482177734375,0.0,0.0,3d458000,0.0482177734375,0.0,0.0,0.0,0.0,True
13,141,3568,12,3276,151580,151581,152268,0.116180419921875,3dedf000,0.116180419921875,0.0,0.0,3dedf000,0.116180419921875,0.0,0.0,0.0,0.0,True
13,141,3568,13,3549,152269,152270,152957,-0.145477294921875,be14f800,-0.145477294921875,0.0,0.0,be14f800,-0.145477294921875,0.0,0.0,0.0,0.0,True
13,141,3568,14,3822,152958,152959,153646,-0.243927001953125,be79c800,-0.243927001953125,0.0,0.0,be79c800,-0.243927001953125,0.0,0.0,0.0,0.0,True
13,141,3568,15,4095,153647,153648,154335,-0.004852294921875,bb9f0000,-0.004852294921875,0.0,0.0,bb9f0000,-0.004852294921875,0.0,0.0,0.0,0.0,True
14,142,2056,0,0,154336,154337,155024,0.0465087890625,3d3e8000,0.0465087890625,0.0,0.0,3d3e8000,0.0465087890625,0.0,0.0,0.0,0.0,True
14,142,2056,1,273,155025,155026,155713,0.26593017578125,3e882800,0.26593017578125,0.0,0.0,3e882800,0.26593017578125,0.0,0.0,0.0,0.0,True
14,142,2056,2,546,155714,155715,156402,0.07269287109375,3d94e000,0.07269287109375,0.0,0.0,3d94e000,0.07269287109375,0.0,0.0,0.0,0.0,True
14,142,2056,3,819,156403,156404,157091,-0.0325927734375,bd058000,-0.0325927734375,0.0,0.0,bd058000,-0.0325927734375,0.0,0.0,0.0,0.0,True
14,142,2056,4,1092,157092,157093,157780,-0.228851318359375,be6a5800,-0.228851318359375,0.0,0.0,be6a5800,-0.228851318359375,0.0,0.0,0.0,0.0,True
14,142,2056,5,1365,157781,157782,158469,-0.099365234375,bdcb8000,-0.099365234375,0.0,0.0,bdcb8000,-0.099365234375,0.0,0.0,0.0,0.0,True
14,142,2056,6,1638,158470,158471,159158,-0.13287353515625,be081000,-0.13287353515625,0.0,0.0,be081000,-0.13287353515625,0.0,0.0,0.0,0.0,True
14,142,2056,7,1911,159159,159160,159847,-0.46490478515625,beee0800,-0.46490478515625,0.0,0.0,beee0800,-0.46490478515625,0.0,0.0,0.0,0.0,True
14,142,2056,8,2184,159848,159849,160536,0.08538818359375,3daee000,0.08538818359375,0.0,0.0,3daee000,0.08538818359375,0.0,0.0,0.0,0.0,True
14,142,2056,9,2457,160537,160538,161225,-0.0772705078125,bd9e4000,-0.0772705078125,0.0,0.0,bd9e4000,-0.0772705078125,0.0,0.0,0.0,0.0,True
14,142,2056,10,2730,161226,161227,161914,-0.144287109375,be13c000,-0.144287109375,0.0,0.0,be13c000,-0.144287109375,0.0,0.0,0.0,0.0,True
14,142,2056,11,3003,161915,161916,162603,0.11279296875,3de70000,0.11279296875,0.0,0.0,3de70000,0.11279296875,0.0,0.0,0.0,0.0,True
14,142,2056,12,3276,162604,162605,163292,0.268402099609375,3e896c00,0.268402099609375,0.0,0.0,3e896c00,0.268402099609375,0.0,0.0,0.0,0.0,True
14,142,2056,13,3549,163293,163294,163981,-0.03424072265625,bd0c4000,-0.03424072265625,0.0,0.0,bd0c4000,-0.03424072265625,0.0,0.0,0.0,0.0,True
14,142,2056,14,3822,163982,163983,164670,-0.05413818359375,bd5dc000,-0.05413818359375,0.0,0.0,bd5dc000,-0.05413818359375,0.0,0.0,0.0,0.0,True
14,142,2056,15,4095,164671,164672,165359,-0.057830810546875,bd6ce000,-0.057830810546875,0.0,0.0,bd6ce000,-0.057830810546875,0.0,0.0,0.0,0.0,True
15,143,540,0,0,165360,165361,166048,0.07623291015625,3d9c2000,0.07623291015625,0.0,0.0,3d9c2000,0.07623291015625,0.0,0.0,0.0,0.0,True
15,143,540,1,273,166049,166050,166737,0.04107666015625,3d284000,0.04107666015625,0.0,0.0,3d284000,0.04107666015625,0.0,0.0,0.0,0.0,True
15,143,540,2,546,166738,166739,167426,-0.36968994140625,bebd4800,-0.36968994140625,0.0,0.0,bebd4800,-0.36968994140625,0.0,0.0,0.0,0.0,True
15,143,540,3,819,167427,167428,168115,-0.37335205078125,bebf2800,-0.37335205078125,0.0,0.0,bebf2800,-0.37335205078125,0.0,0.0,0.0,0.0,True
15,143,540,4,1092,168116,168117,168804,-0.1705322265625,be2ea000,-0.1705322265625,0.0,0.0,be2ea000,-0.1705322265625,0.0,0.0,0.0,0.0,True
15,143,540,5,1365,168805,168806,169493,0.20977783203125,3e56d000,0.20977783203125,0.0,0.0,3e56d000,0.20977783203125,0.0,0.0,0.0,0.0,True
15,143,540,6,1638,169494,169495,170182,0.031341552734375,3d006000,0.031341552734375,0.0,0.0,3d006000,0.031341552734375,0.0,0.0,0.0,0.0,True
15,143,540,7,1911,170183,170184,170871,-0.16278076171875,be26b000,-0.16278076171875,0.0,0.0,be26b000,-0.16278076171875,0.0,0.0,0.0,0.0,True
15,143,540,8,2184,170872,170873,171560,-0.0989990234375,bdcac000,-0.0989990234375,0.0,0.0,bdcac000,-0.0989990234375,0.0,0.0,0.0,0.0,True
15,143,540,9,2457,171561,171562,172249,0.1185302734375,3df2c000,0.1185302734375,0.0,0.0,3df2c000,0.1185302734375,0.0,0.0,0.0,0.0,True
15,143,540,10,2730,172250,172251,172938,-0.24029541015625,be761000,-0.24029541015625,0.0,0.0,be761000,-0.24029541015625,0.0,0.0,0.0,0.0,True
15,143,540,11,3003,172939,172940,173627,-0.23089599609375,be6c7000,-0.23089599609375,0.0,0.0,be6c7000,-0.23089599609375,0.0,0.0,0.0,0.0,True
15,143,540,12,3276,173628,173629,174316,0.4786376953125,3ef51000,0.4786376953125,0.0,0.0,3ef51000,0.4786376953125,0.0,0.0,0.0,0.0,True
15,143,540,13,3549,174317,174318,175005,-0.04156494140625,bd2a4000,-0.04156494140625,0.0,0.0,bd2a4000,-0.04156494140625,0.0,0.0,0.0,0.0,True
15,143,540,14,3822,175006,175007,175694,0.1533203125,3e1d0000,0.1533203125,0.0,0.0,3e1d0000,0.1533203125,0.0,0.0,0.0,0.0,True
15,143,540,15,4095,175695,175696,176383,0.2149658203125,3e5c2000,0.2149658203125,0.0,0.0,3e5c2000,0.2149658203125,0.0,0.0,0.0,0.0,True
