token_slot,token_position,token_id,channel_slot,output_channel,setup_record,first_valid_record,final_record,rtl_hex,rtl_result,dew_software_reference,dew_absolute_error,dew_relative_error,within_tolerance,ideal_quantized_reference,ideal_relative_error,fp_term_count,skip_count,replace_count,overflow_count
0,128,22040,0,0,0,1,688,bd000000,-0.03125,-0.03125,0.0,0.0,True,-0.036041259765625,0.13293818797629128,64,6,3,0
0,128,22040,1,273,689,690,1377,bd620000,-0.05517578125,-0.05517578125,0.0,0.0,True,-0.062774658203125,0.12105007292173067,78,0,4,0
0,128,22040,2,546,1378,1379,2066,bd680000,-0.056640625,-0.056640625,0.0,0.0,True,-0.06103515625,0.072,80,6,3,0
0,128,22040,3,819,2067,2068,2755,bc5c0000,-0.013427734375,-0.013427734375,0.0,0.0,True,-0.012359619140625,0.08641975308641975,75,9,3,0
0,128,22040,4,1092,2756,2757,3444,bdac8000,-0.084228515625,-0.084228515625,0.0,0.0,True,-0.08197021484375,0.027550260610573342,76,2,5,0
0,128,22040,5,1365,3445,3446,4133,3ebd4000,0.36962890625,0.36962890625,0.0,0.0,True,0.37591552734375,0.016723494073713267,82,7,0,0
0,128,22040,6,1638,4134,4135,4822,3ea36000,0.319091796875,0.319091796875,0.0,0.0,True,0.32177734375,0.00834597875569044,75,48,0,0
0,128,22040,7,1911,4823,4824,5511,bda08000,-0.078369140625,-0.078369140625,0.0,0.0,True,-0.09295654296875,0.15692711753118843,81,12,0,0
0,128,22040,8,2184,5512,5513,6200,3e574000,0.210205078125,0.210205078125,0.0,0.0,True,0.216064453125,0.02711864406779661,82,2,10,0
0,128,22040,9,2457,6201,6202,6889,be260000,-0.162109375,-0.162109375,0.0,0.0,True,-0.164154052734375,0.012455846811675032,78,2,7,0
0,128,22040,10,2730,6890,6891,7578,bdab8000,-0.083740234375,-0.083740234375,0.0,0.0,True,-0.08551025390625,0.02069950035688794,70,2,2,0
0,128,22040,11,3003,7579,7580,8267,bd6b0000,-0.057373046875,-0.057373046875,0.0,0.0,True,-0.05181884765625,0.1071849234393404,76,20,1,0
0,128,22040,12,3276,8268,8269,8956,bb700000,-0.003662109375,-0.003662109375,0.0,0.0,True,-0.005035400390625,0.2727272727272727,76,2,4,0
0,128,22040,13,3549,8957,8958,9645,3e024000,0.127197265625,0.127197265625,0.0,0.0,True,0.123291015625,0.031683168316831684,77,0,7,0
0,128,22040,14,3822,9646,9647,10334,bc960000,-0.018310546875,-0.018310546875,0.0,0.0,True,-0.015380859375,0.19047619047619047,70,3,2,0
0,128,22040,15,4095,10335,10336,11023,be20c000,-0.156982421875,-0.156982421875,0.0,0.0,True,-0.159149169921875,0.01361457334611697,73,27,5,0
1,129,4518,0,0,11024,11025,11712,3e138000,0.14404296875,0.14404296875,0.0,0.0,True,0.152130126953125,0.05315947843530592,101,2,8,0
1,129,4518,1,273,11713,11714,12401,be17c000,-0.148193359375,-0.148193359375,0.0,0.0,True,-0.146728515625,0.009983361064891847,107,1,4,0
1,129,4518,2,546,12402,12403,13090,be1d8000,-0.15380859375,-0.15380859375,0.0,0.0,True,-0.15399169921875,0.0011890606420927466,112,7,8,0
1,129,4518,3,819,13091,13092,13779,bd848000,-0.064697265625,-0.064697265625,0.0,0.0,True,-0.059326171875,0.09053497942386832,100,0,9,0
1,129,4518,4,1092,13780,13781,14468,3dfe8000,0.124267578125,0.124267578125,0.0,0.0,True,0.128814697265625,0.035299692016109926,105,29,0,0
1,129,4518,5,1365,14469,14470,15157,3ea2a000,0.317626953125,0.317626953125,0.0,0.0,True,0.325439453125,0.024006001500375095,113,11,2,0
1,129,4518,6,1638,15158,15159,15846,3e4c0000,0.19921875,0.19921875,0.0,0.0,True,0.20269775390625,0.017163504968383016,108,17,3,0
1,129,4518,7,1911,15847,15848,16535,bdb68000,-0.089111328125,-0.089111328125,0.0,0.0,True,-0.081024169921875,0.09981167608286252,104,20,3,0
1,129,4518,8,2184,16536,16537,17224,3e730000,0.2373046875,0.2373046875,0.0,0.0,True,0.24658203125,0.03762376237623762,107,5,4,0
1,129,4518,9,2457,17225,17226,17913,be8ce000,-0.275146484375,-0.275146484375,0.0,0.0,True,-0.277099609375,0.007048458149779736,110,10,0,0
1,129,4518,10,2730,17914,17915,18602,3e8c8000,0.2744140625,0.2744140625,0.0,0.0,True,0.28167724609375,0.025785482123510294,108,18,5,0
1,129,4518,11,3003,18603,18604,19291,3d0d0000,0.034423828125,0.034423828125,0.0,0.0,True,0.03656005859375,0.05843071786310518,112,7,0,0
1,129,4518,12,3276,19292,19293,19980,bda18000,-0.078857421875,-0.078857421875,0.0,0.0,True,-0.074859619140625,0.05340399510803098,105,7,0,0
1,129,4518,13,3549,19981,19982,20669,bdb10000,-0.08642578125,-0.08642578125,0.0,0.0,True,-0.084320068359375,0.0249728555917481,107,1,1,0
1,129,4518,14,3822,20670,20671,21358,3cc80000,0.0244140625,0.0244140625,0.0,0.0,True,0.0146484375,0.6666666666666666,107,1,1,0
1,129,4518,15,4095,21359,21360,22047,be772000,-0.2413330078125,-0.2413330078125,0.0,0.0,True,-0.242462158203125,0.004657016991818754,109,7,5,0
2,130,525,0,0,22048,22049,22736,bd8e8000,-0.069580078125,-0.069580078125,0.0,0.0,True,-0.07318115234375,0.04920767306088407,61,4,0,0
2,130,525,1,273,22737,22738,23425,bd9c0000,-0.076171875,-0.076171875,0.0,0.0,True,-0.076812744140625,0.00834326579261025,65,21,1,0
2,130,525,2,546,23426,23427,24114,bd530000,-0.051513671875,-0.051513671875,0.0,0.0,True,-0.042205810546875,0.2205350686912509,64,17,1,0
2,130,525,3,819,24115,24116,24803,3eae2000,0.340087890625,0.340087890625,0.0,0.0,True,0.339691162109375,0.0011679094420986435,64,18,0,0
2,130,525,4,1092,24804,24805,25492,bd560000,-0.05224609375,-0.05224609375,0.0,0.0,True,-0.06732177734375,0.22393472348141433,67,4,3,0
2,130,525,5,1365,25493,25494,26181,be098000,-0.13427734375,-0.13427734375,0.0,0.0,True,-0.137664794921875,0.02460651740190645,63,6,3,0
2,130,525,6,1638,26182,26183,26870,bc700000,-0.0146484375,-0.0146484375,0.0,0.0,True,-0.01068115234375,0.37142857142857144,67,1,3,0
2,130,525,7,1911,26871,26872,27559,bebe0000,-0.37109375,-0.37109375,0.0,0.0,True,-0.3814697265625,0.0272,65,19,4,0
2,130,525,8,2184,27560,27561,28248,3e574000,0.210205078125,0.210205078125,0.0,0.0,True,0.21575927734375,0.02574257425742574,66,3,2,0
2,130,525,9,2457,28249,28250,28937,be64c000,-0.223388671875,-0.223388671875,0.0,0.0,True,-0.223785400390625,0.0017728078549024955,59,23,5,0
2,130,525,10,2730,28938,28939,29626,bd948000,-0.072509765625,-0.072509765625,0.0,0.0,True,-0.082183837890625,0.11771258819160788,61,4,5,0
2,130,525,11,3003,29627,29628,30315,be530000,-0.2060546875,-0.2060546875,0.0,0.0,True,-0.217742919921875,0.05367904695164681,61,1,2,0
2,130,525,12,3276,30316,30317,31004,bdba0000,-0.0908203125,-0.0908203125,0.0,0.0,True,-0.0870361328125,0.043478260869565216,65,7,4,0
2,130,525,13,3549,31005,31006,31693,3e22c000,0.158935546875,0.158935546875,0.0,0.0,True,0.16302490234375,0.025084238113066266,67,11,0,0
2,130,525,14,3822,31694,31695,32382,3dd10000,0.10205078125,0.10205078125,0.0,0.0,True,0.1055908203125,0.03352601156069364,63,1,8,0
2,130,525,15,4095,32383,32384,33071,3e280000,0.1640625,0.1640625,0.0,0.0,True,0.16229248046875,0.010906355772846935,63,11,1,0
3,131,29879,0,0,33072,33073,33760,3d828000,0.063720703125,0.063720703125,0.0,0.0,True,0.06573486328125,0.03064066852367688,80,4,0,0
3,131,29879,1,273,33761,33762,34449,bd898000,-0.067138671875,-0.067138671875,0.0,0.0,True,-0.07354736328125,0.08713692946058091,80,4,1,0
3,131,29879,2,546,34450,34451,35138,3da50000,0.08056640625,0.08056640625,0.0,0.0,True,0.070404052734375,0.14434330299089726,82,3,1,0
3,131,29879,3,819,35139,35140,35827,bc7c0000,-0.015380859375,-0.015380859375,0.0,0.0,True,-0.0146484375,0.05,82,1,5,0
3,131,29879,4,1092,35828,35829,36516,bb980000,-0.004638671875,-0.004638671875,0.0,0.0,True,-0.0087890625,0.4722222222222222,83,7,5,0
3,131,29879,5,1365,36517,36518,37205,bd4a0000,-0.04931640625,-0.04931640625,0.0,0.0,True,-0.04791259765625,0.02929936305732484,86,1,12,0
3,131,29879,6,1638,37206,37207,37894,bdca8000,-0.098876953125,-0.098876953125,0.0,0.0,True,-0.094329833984375,0.04820446457457134,80,2,3,0
3,131,29879,7,1911,37895,37896,38583,3d998000,0.074951171875,0.074951171875,0.0,0.0,True,0.0797119140625,0.05972434915773354,85,2,5,0
3,131,29879,8,2184,38584,38585,39272,3e010000,0.1259765625,0.1259765625,0.0,0.0,True,0.131011962890625,0.03843466107617051,79,1,1,0
3,131,29879,9,2457,39273,39274,39961,be708000,-0.23486328125,-0.23486328125,0.0,0.0,True,-0.2379150390625,0.012827090815802977,88,3,1,0
3,131,29879,10,2730,39962,39963,40650,be054000,-0.130126953125,-0.130126953125,0.0,0.0,True,-0.125823974609375,0.03419839922386612,79,1,7,0
3,131,29879,11,3003,40651,40652,41339,bd640000,-0.0556640625,-0.0556640625,0.0,0.0,True,-0.065277099609375,0.14726507713884993,86,3,0,0
3,131,29879,12,3276,41340,41341,42028,bd980000,-0.07421875,-0.07421875,0.0,0.0,True,-0.07733154296875,0.04025256511444357,76,2,6,0
3,131,29879,13,3549,42029,42030,42717,bd160000,-0.03662109375,-0.03662109375,0.0,0.0,True,-0.037841796875,0.03225806451612903,84,4,9,0
3,131,29879,14,3822,42718,42719,43406,be724000,-0.236572265625,-0.236572265625,0.0,0.0,True,-0.23797607421875,0.005898948448320082,79,44,0,0
3,131,29879,15,4095,43407,43408,44095,be370000,-0.1787109375,-0.1787109375,0.0,0.0,True,-0.169189453125,0.05627705627705628,80,1,1,0
4,132,13740,0,0,44096,44097,44784,3d3f0000,0.046630859375,0.046630859375,0.0,0.0,True,0.046844482421875,0.004560260586319218,59,0,6,0
4,132,13740,1,273,44785,44786,45473,bcf20000,-0.029541015625,-0.029541015625,0.0,0.0,True,-0.032318115234375,0.08593012275731822,71,1,3,0
4,132,13740,2,546,45474,45475,46162,3c8e0000,0.017333984375,0.017333984375,0.0,0.0,True,0.01080322265625,0.6045197740112994,70,3,7,0
4,132,13740,3,819,46163,46164,46851,bdad0000,-0.08447265625,-0.08447265625,0.0,0.0,True,-0.0826416015625,0.022156573116691284,73,2,2,0
4,132,13740,4,1092,46852,46853,47540,be8dc000,-0.27685546875,-0.27685546875,0.0,0.0,True,-0.27252197265625,0.015901455767077268,70,1,3,0
4,132,13740,5,1365,47541,47542,48229,3d480000,0.048828125,0.048828125,0.0,0.0,True,0.04876708984375,0.0012515644555694619,76,13,0,0
4,132,13740,6,1638,48230,48231,48918,bccc0000,-0.02490234375,-0.02490234375,0.0,0.0,True,-0.029632568359375,0.1596292481977343,69,3,2,0
4,132,13740,7,1911,48919,48920,49607,beb1c000,-0.34716796875,-0.34716796875,0.0,0.0,True,-0.374176025390625,0.07218008319060436,71,31,1,0
4,132,13740,8,2184,49608,49609,50296,3dfb0000,0.12255859375,0.12255859375,0.0,0.0,True,0.125152587890625,0.02072665203608876,66,8,4,0
4,132,13740,9,2457,50297,50298,50985,3aa00000,0.001220703125,0.001220703125,0.0,0.0,True,-0.00738525390625,1.165289256198347,73,2,2,0
4,132,13740,10,2730,50986,50987,51674,bca60000,-0.020263671875,-0.020263671875,0.0,0.0,True,-0.030731201171875,0.34061569016881826,72,31,1,0
4,132,13740,11,3003,51675,51676,52363,3c4c0000,0.012451171875,0.012451171875,0.0,0.0,True,0.010162353515625,0.22522522522522523,74,1,6,0
4,132,13740,12,3276,52364,52365,53052,3d9e0000,0.0771484375,0.0771484375,0.0,0.0,True,0.076171875,0.01282051282051282,71,9,0,0
4,132,13740,13,3549,53053,53054,53741,bdb00000,-0.0859375,-0.0859375,0.0,0.0,True,-0.0892333984375,0.036935704514363885,74,0,7,0
4,132,13740,14,3822,53742,53743,54430,3d2f0000,0.042724609375,0.042724609375,0.0,0.0,True,0.033355712890625,0.2808783165599268,71,4,3,0
4,132,13740,15,4095,54431,54432,55119,3e010000,0.1259765625,0.1259765625,0.0,0.0,True,0.136199951171875,0.07506161774591082,75,0,6,0
5,133,376,0,0,55120,55121,55808,be428000,-0.18994140625,-0.18994140625,0.0,0.0,True,-0.191558837890625,0.008443523976421858,135,4,4,0
5,133,376,1,273,55809,55810,56497,3d690000,0.056884765625,0.056884765625,0.0,0.0,True,0.05206298828125,0.09261430246189918,138,2,2,0
5,133,376,2,546,56498,56499,57186,bd8c8000,-0.068603515625,-0.068603515625,0.0,0.0,True,-0.05145263671875,0.3333333333333333,141,7,5,0
5,133,376,3,819,57187,57188,57875,3e496000,0.1966552734375,0.1966552734375,0.0,0.0,True,0.201141357421875,0.02230314064633591,144,1,3,0
5,133,376,4,1092,57876,57877,58564,3c860000,0.016357421875,0.016357421875,0.0,0.0,True,0.01513671875,0.08064516129032258,136,0,6,0
5,133,376,5,1365,58565,58566,59253,be2d0000,-0.1689453125,-0.1689453125,0.0,0.0,True,-0.1724853515625,0.020523708421797595,142,3,7,0
5,133,376,6,1638,59254,59255,59942,be148000,-0.14501953125,-0.14501953125,0.0,0.0,True,-0.138031005859375,0.050630112757019674,142,9,1,0
5,133,376,7,1911,59943,59944,60631,befae000,-0.489990234375,-0.489990234375,0.0,0.0,True,-0.509552001953125,0.03839012996346649,143,31,6,0
5,133,376,8,2184,60632,60633,61320,bce40000,-0.02783203125,-0.02783203125,0.0,0.0,True,-0.033935546875,0.17985611510791366,145,5,5,0
5,133,376,9,2457,61321,61322,62009,be130000,-0.1435546875,-0.1435546875,0.0,0.0,True,-0.14678955078125,0.02203742203742204,139,1,11,0
5,133,376,10,2730,62010,62011,62698,3c1c0000,0.009521484375,0.009521484375,0.0,0.0,True,0.0018310546875,4.2,129,23,1,0
5,133,376,11,3003,62699,62700,63387,bda08000,-0.078369140625,-0.078369140625,0.0,0.0,True,-0.07330322265625,0.06910907577019151,144,2,7,0
5,133,376,12,3276,63388,63389,64076,be184000,-0.148681640625,-0.148681640625,0.0,0.0,True,-0.14239501953125,0.04414916416630947,138,1,2,0
5,133,376,13,3549,64077,64078,64765,be358000,-0.17724609375,-0.17724609375,0.0,0.0,True,-0.208648681640625,0.15050460728389645,142,2,0,0
5,133,376,14,3822,64766,64767,65454,3e940000,0.2890625,0.2890625,0.0,0.0,True,0.2921142578125,0.010447137484329294,139,2,3,0
5,133,376,15,4095,65455,65456,66143,3e524000,0.205322265625,0.205322265625,0.0,0.0,True,0.207427978515625,0.010151537442989553,141,2,5,0
6,134,310,0,0,66144,66145,66832,bd260000,-0.04052734375,-0.04052734375,0.0,0.0,True,-0.0347900390625,0.1649122807017544,87,1,7,0
6,134,310,1,273,66833,66834,67521,3d830000,0.06396484375,0.06396484375,0.0,0.0,True,0.07354736328125,0.13029045643153528,89,31,6,0
6,134,310,2,546,67522,67523,68210,be996000,-0.299560546875,-0.299560546875,0.0,0.0,True,-0.31671142578125,0.05415301599537483,96,58,4,0
6,134,310,3,819,68211,68212,68899,3c580000,0.01318359375,0.01318359375,0.0,0.0,True,0.008819580078125,0.49480968858131485,99,0,8,0
6,134,310,4,1092,68900,68901,69588,be20c000,-0.156982421875,-0.156982421875,0.0,0.0,True,-0.15142822265625,0.03667875856509472,101,1,0,0
6,134,310,5,1365,69589,69590,70277,bde40000,-0.111328125,-0.111328125,0.0,0.0,True,-0.1072998046875,0.03754266211604096,95,3,4,0
6,134,310,6,1638,70278,70279,70966,3a000000,0.00048828125,0.00048828125,0.0,0.0,True,-0.00054931640625,1.8888888888888888,92,3,1,0
6,134,310,7,1911,70967,70968,71655,be060000,-0.130859375,-0.130859375,0.0,0.0,True,-0.13006591796875,0.006100422336931018,96,2,10,0
6,134,310,8,2184,71656,71657,72344,bb000000,-0.001953125,-0.001953125,0.0,0.0,True,-0.00982666015625,0.8012422360248447,90,0,1,0
6,134,310,9,2457,72345,72346,73033,be744000,-0.238525390625,-0.238525390625,0.0,0.0,True,-0.24371337890625,0.02128725269221137,100,35,0,0
6,134,310,10,2730,73034,73035,73722,bcd00000,-0.025390625,-0.025390625,0.0,0.0,True,-0.0303955078125,0.1646586345381526,97,9,2,0
6,134,310,11,3003,73723,73724,74411,3d470000,0.048583984375,0.048583984375,0.0,0.0,True,0.054931640625,0.11555555555555555,93,1,5,0
6,134,310,12,3276,74412,74413,75100,be62c000,-0.221435546875,-0.221435546875,0.0,0.0,True,-0.21539306640625,0.028053272881836216,94,0,6,0
6,134,310,13,3549,75101,75102,75789,be604000,-0.218994140625,-0.218994140625,0.0,0.0,True,-0.22320556640625,0.018867924528301886,88,2,5,0
6,134,310,14,3822,75790,75791,76478,3e84e000,0.259521484375,0.259521484375,0.0,0.0,True,0.2625732421875,0.011622501162250116,91,0,11,0
6,134,310,15,4095,76479,76480,77167,be474000,-0.194580078125,-0.194580078125,0.0,0.0,True,-0.20428466796875,0.04750522856289214,95,15,0,0
7,135,278,0,0,77168,77169,77856,bdd88000,-0.105712890625,-0.105712890625,0.0,0.0,True,-0.10455322265625,0.011091652072387624,109,4,4,0
7,135,278,1,273,77857,77858,78545,beaf6000,-0.342529296875,-0.342529296875,0.0,0.0,True,-0.335723876953125,0.02027088446504863,105,1,5,0
7,135,278,2,546,78546,78547,79234,beb70000,-0.357421875,-0.357421875,0.0,0.0,True,-0.356353759765625,0.002997345208529588,111,22,1,0
7,135,278,3,819,79235,79236,79923,bd690000,-0.056884765625,-0.056884765625,0.0,0.0,True,-0.060302734375,0.05668016194331984,110,2,3,0
7,135,278,4,1092,79924,79925,80612,bba00000,-0.0048828125,-0.0048828125,0.0,0.0,True,0.0107421875,1.4545454545454546,115,25,0,0
7,135,278,5,1365,80613,80614,81301,bdb90000,-0.09033203125,-0.09033203125,0.0,0.0,True,-0.090789794921875,0.005042016806722689,110,2,4,0
7,135,278,6,1638,81302,81303,81990,3dd68000,0.104736328125,0.104736328125,0.0,0.0,True,0.1099853515625,0.04772475027746948,115,4,4,0
7,135,278,7,1911,81991,81992,82679,bc840000,-0.01611328125,-0.01611328125,0.0,0.0,True,-0.0128173828125,0.2571428571428571,109,22,0,0
7,135,278,8,2184,82680,82681,83368,becd2000,-0.400634765625,-0.400634765625,0.0,0.0,True,-0.401885986328125,0.0031133723137671803,108,21,3,0
7,135,278,9,2457,83369,83370,84057,3aa00000,0.001220703125,0.001220703125,0.0,0.0,True,-0.00347900390625,1.3508771929824561,119,1,6,0
7,135,278,10,2730,84058,84059,84746,3d9b8000,0.075927734375,0.075927734375,0.0,0.0,True,0.078826904296875,0.03677893921796361,116,1,1,0
7,135,278,11,3003,84747,84748,85435,bc800000,-0.015625,-0.015625,0.0,0.0,True,-0.02032470703125,0.23123123123123124,114,0,9,0
7,135,278,12,3276,85436,85437,86124,bd8a8000,-0.067626953125,-0.067626953125,0.0,0.0,True,-0.0609130859375,0.11022044088176353,113,1,10,0
7,135,278,13,3549,86125,86126,86813,bdf90000,-0.12158203125,-0.12158203125,0.0,0.0,True,-0.1273193359375,0.045062320230105465,112,4,4,0
7,135,278,14,3822,86814,86815,87502,bda18000,-0.078857421875,-0.078857421875,0.0,0.0,True,-0.08050537109375,0.02047005307050796,112,13,0,0
7,135,278,15,4095,87503,87504,88191,beaed000,-0.3414306640625,-0.3414306640625,0.0,0.0,True,-0.3525390625,0.03150969529085872,111,46,1,0
8,136,11456,0,0,88192,88193,88880,bc880000,-0.0166015625,-0.0166015625,0.0,0.0,True,-0.00323486328125,4.132075471698113,118,7,0,0
8,136,11456,1,273,88881,88882,89569,be764000,-0.240478515625,-0.240478515625,0.0,0.0,True,-0.238616943359375,0.007801509144391866,121,2,1,0
8,136,11456,2,546,89570,89571,90258,bee0a000,-0.438720703125,-0.438720703125,0.0,0.0,True,-0.43896484375,0.0005561735261401557,124,46,2,0
8,136,11456,3,819,90259,90260,90947,3dfc0000,0.123046875,0.123046875,0.0,0.0,True,0.13214111328125,0.06882217090069284,120,14,3,0
8,136,11456,4,1092,90948,90949,91636,be9be000,-0.304443359375,-0.304443359375,0.0,0.0,True,-0.317352294921875,0.04067698817193961,122,1,3,0
8,136,11456,5,1365,91637,91638,92325,bda50000,-0.08056640625,-0.08056640625,0.0,0.0,True,-0.086761474609375,0.07140344706296166,120,1,8,0
8,136,11456,6,1638,92326,92327,93014,3d260000,0.04052734375,0.04052734375,0.0,0.0,True,0.04034423828125,0.0045385779122541605,128,4,4,0
8,136,11456,7,1911,93015,93016,93703,be6d0000,-0.2314453125,-0.2314453125,0.0,0.0,True,-0.235870361328125,0.018760512356061586,125,10,0,0
8,136,11456,8,2184,93704,93705,94392,be430000,-0.1904296875,-0.1904296875,0.0,0.0,True,-0.187744140625,0.014304291287386216,117,0,10,0
8,136,11456,9,2457,94393,94394,95081,bd2b0000,-0.041748046875,-0.041748046875,0.0,0.0,True,-0.03948974609375,0.0571870170015456,120,3,3,0
8,136,11456,10,2730,95082,95083,95770,bcec0000,-0.02880859375,-0.02880859375,0.0,0.0,True,-0.033203125,0.1323529411764706,115,11,2,0
8,136,11456,11,3003,95771,95772,96459,3d0a0000,0.03369140625,0.03369140625,0.0,0.0,True,0.03338623046875,0.009140767824497258,114,2,1,0
8,136,11456,12,3276,96460,96461,97148,3be00000,0.0068359375,0.0068359375,0.0,0.0,True,0.007354736328125,0.07053941908713693,124,9,1,0
8,136,11456,13,3549,97149,97150,97837,bd400000,-0.046875,-0.046875,0.0,0.0,True,-0.04638671875,0.010526315789473684,120,3,4,0
8,136,11456,14,3822,97838,97839,98526,bd858000,-0.065185546875,-0.065185546875,0.0,0.0,True,-0.068389892578125,0.04685408299866131,114,4,1,0
8,136,11456,15,4095,98527,98528,99215,be9c2000,-0.304931640625,-0.304931640625,0.0,0.0,True,-0.302642822265625,0.007562770999294141,121,20,5,0
9,137,3652,0,0,99216,99217,99904,3e27c000,0.163818359375,0.163818359375,0.0,0.0,True,0.168365478515625,0.027007431575131413,60,28,3,0
9,137,3652,1,273,99905,99906,100593,be2b4000,-0.167236328125,-0.167236328125,0.0,0.0,True,-0.164398193359375,0.017263783181733803,63,2,3,0
9,137,3652,2,546,100594,100595,101282,be1dc000,-0.154052734375,-0.154052734375,0.0,0.0,True,-0.161895751953125,0.048444863336475026,67,45,0,0
9,137,3652,3,819,101283,101284,101971,3dfe8000,0.124267578125,0.124267578125,0.0,0.0,True,0.123779296875,0.0039447731755424065,72,27,1,0
9,137,3652,4,1092,101972,101973,102660,be52c000,-0.205810546875,-0.205810546875,0.0,0.0,True,-0.214599609375,0.040955631399317405,70,5,1,0
9,137,3652,5,1365,102661,102662,103349,bca80000,-0.0205078125,-0.0205078125,0.0,0.0,True,-0.0306396484375,0.33067729083665337,68,0,1,0
9,137,3652,6,1638,103350,103351,104038,3db18000,0.086669921875,0.086669921875,0.0,0.0,True,0.089569091796875,0.03236797274275979,69,4,1,0
9,137,3652,7,1911,104039,104040,104727,be936000,-0.287841796875,-0.287841796875,0.0,0.0,True,-0.301971435546875,0.04679130874178878,69,10,4,0
9,137,3652,8,2184,104728,104729,105416,be53c000,-0.206787109375,-0.206787109375,0.0,0.0,True,-0.203460693359375,0.016349182540872958,65,2,2,0
9,137,3652,9,2457,105417,105418,106105,be8ac000,-0.27099609375,-0.27099609375,0.0,0.0,True,-0.28094482421875,0.035411688029545946,65,18,2,0
9,137,3652,10,2730,106106,106107,106794,3da70000,0.08154296875,0.08154296875,0.0,0.0,True,0.0916748046875,0.11051930758988016,65,1,2,0
9,137,3652,11,3003,106795,106796,107483,3e770000,0.2412109375,0.2412109375,0.0,0.0,True,0.245361328125,0.01691542288557214,70,4,1,0
9,137,3652,12,3276,107484,107485,108172,3e040000,0.12890625,0.12890625,0.0,0.0,True,0.1400146484375,0.07933740191804708,61,13,6,0
9,137,3652,13,3549,108173,108174,108861,be5b8000,-0.21435546875,-0.21435546875,0.0,0.0,True,-0.220977783203125,0.02996823643143212,66,3,8,0
9,137,3652,14,3822,108862,108863,109550,3bd00000,0.00634765625,0.00634765625,0.0,0.0,True,0.00555419921875,0.14285714285714285,63,1,5,0
9,137,3652,15,4095,109551,109552,110239,3d420000,0.04736328125,0.04736328125,0.0,0.0,True,0.05206298828125,0.09026963657678781,65,1,6,0
10,138,450,0,0,110240,110241,110928,3dba8000,0.091064453125,0.091064453125,0.0,0.0,True,0.09344482421875,0.025473546701502287,53,5,6,0
10,138,450,1,273,110929,110930,111617,be85a000,-0.260986328125,-0.260986328125,0.0,0.0,True,-0.261566162109375,0.002216777505541944,49,3,6,0
10,138,450,2,546,111618,111619,112306,3d860000,0.0654296875,0.0654296875,0.0,0.0,True,0.06854248046875,0.04541406945681211,52,0,8,0
10,138,450,3,819,112307,112308,112995,bc640000,-0.013916015625,-0.013916015625,0.0,0.0,True,-0.010498046875,0.32558139534883723,50,13,2,0
10,138,450,4,1092,112996,112997,113684,bdf98000,-0.121826171875,-0.121826171875,0.0,0.0,True,-0.11505126953125,0.05888594164456233,52,9,1,0
10,138,450,5,1365,113685,113686,114373,bd808000,-0.062744140625,-0.062744140625,0.0,0.0,True,-0.0675048828125,0.0705244122965642,53,0,3,0
10,138,450,6,1638,114374,114375,115062,bd100000,-0.03515625,-0.03515625,0.0,0.0,True,-0.04278564453125,0.1783166904422254,51,9,0,0
10,138,450,7,1911,115063,115064,115751,be48c000,-0.196044921875,-0.196044921875,0.0,0.0,True,-0.212371826171875,0.07687886190544618,54,10,0,0
10,138,450,8,2184,115752,115753,116440,3dd58000,0.104248046875,0.104248046875,0.0,0.0,True,0.1005859375,0.03640776699029126,50,8,2,0
10,138,450,9,2457,116441,116442,117129,bdce0000,-0.1005859375,-0.1005859375,0.0,0.0,True,-0.09857177734375,0.02043343653250774,54,0,7,0
10,138,450,10,2730,117130,117131,117818,3c680000,0.01416015625,0.01416015625,0.0,0.0,True,0.014617919921875,0.031315240083507306,49,1,4,0
10,138,450,11,3003,117819,117820,118507,3e824000,0.25439453125,0.25439453125,0.0,0.0,True,0.256561279296875,0.008445343166408945,51,2,4,0
10,138,450,12,3276,118508,118509,119196,bcae0000,-0.021240234375,-0.021240234375,0.0,0.0,True,-0.024566650390625,0.13540372670807455,50,4,5,0
10,138,450,13,3549,119197,119198,119885,be1ac000,-0.151123046875,-0.151123046875,0.0,0.0,True,-0.152587890625,0.0096,52,2,7,0
10,138,450,14,3822,119886,119887,120574,3e1b0000,0.1513671875,0.1513671875,0.0,0.0,True,0.158905029296875,0.04743614365277511,48,5,0,0
10,138,450,15,4095,120575,120576,121263,bdb28000,-0.087158203125,-0.087158203125,0.0,0.0,True,-0.08746337890625,0.0034891835310537334,49,6,4,0
11,139,6242,0,0,121264,121265,121952,bd0c0000,-0.0341796875,-0.0341796875,0.0,0.0,True,-0.038909912109375,0.12156862745098039,71,6,3,0
11,139,6242,1,273,121953,121954,122641,bd250000,-0.040283203125,-0.040283203125,0.0,0.0,True,-0.03387451171875,0.1891891891891892,64,4,1,0
11,139,6242,2,546,122642,122643,123330,bd0d0000,-0.034423828125,-0.034423828125,0.0,0.0,True,-0.0399169921875,0.13761467889908258,69,7,3,0
11,139,6242,3,819,123331,123332,124019,be376000,-0.1790771484375,-0.1790771484375,0.0,0.0,True,-0.179656982421875,0.003227450314251741,66,4,6,0
11,139,6242,4,1092,124020,124021,124708,beb0e000,-0.345458984375,-0.345458984375,0.0,0.0,True,-0.354827880859375,0.0264040595166423,66,4,3,0
11,139,6242,5,1365,124709,124710,125397,3b400000,0.0029296875,0.0029296875,0.0,0.0,True,0.01275634765625,0.7703349282296651,66,4,3,0
11,139,6242,6,1638,125398,125399,126086,3d9f8000,0.077880859375,0.077880859375,0.0,0.0,True,0.075531005859375,0.03111111111111111,67,3,6,0
11,139,6242,7,1911,126087,126088,126775,be16c000,-0.147216796875,-0.147216796875,0.0,0.0,True,-0.15179443359375,0.030156815440289506,70,3,6,0
11,139,6242,8,2184,126776,126777,127464,3d500000,0.05078125,0.05078125,0.0,0.0,True,0.0520477294921875,0.02433304016417473,68,10,1,0
11,139,6242,9,2457,127465,127466,128153,bd350000,-0.044189453125,-0.044189453125,0.0,0.0,True,-0.04852294921875,0.08930817610062892,59,0,3,0
11,139,6242,10,2730,128154,128155,128842,3e3c0000,0.18359375,0.18359375,0.0,0.0,True,0.187164306640625,0.01907712375672591,67,3,7,0
11,139,6242,11,3003,128843,128844,129531,3cac0000,0.02099609375,0.02099609375,0.0,0.0,True,0.026397705078125,0.2046242774566474,70,6,2,0
11,139,6242,12,3276,129532,129533,130220,bd920000,-0.0712890625,-0.0712890625,0.0,0.0,True,-0.0704345703125,0.012131715771230503,62,8,0,0
11,139,6242,13,3549,130221,130222,130909,bdf90000,-0.12158203125,-0.12158203125,0.0,0.0,True,-0.11517333984375,0.05564387917329094,65,1,2,0
11,139,6242,14,3822,130910,130911,131598,bc9e0000,-0.019287109375,-0.019287109375,0.0,0.0,True,-0.033721923828125,0.4280542986425339,65,9,0,0
11,139,6242,15,4095,131599,131600,132287,3da28000,0.079345703125,0.079345703125,0.0,0.0,True,0.082183837890625,0.03453397697734868,66,7,4,0
12,140,383,0,0,132288,132289,132976,bde90000,-0.11376953125,-0.11376953125,0.0,0.0,True,-0.11407470703125,0.002675227394328518,64,2,4,0
12,140,383,1,273,132977,132978,133665,3ea5a000,0.323486328125,0.323486328125,0.0,0.0,True,0.331573486328125,0.024390243902439025,71,7,4,0
12,140,383,2,546,133666,133667,134354,bd250000,-0.040283203125,-0.040283203125,0.0,0.0,True,-0.043670654296875,0.07756813417190776,71,8,0,0
12,140,383,3,819,134355,134356,135043,3ce20000,0.027587890625,0.027587890625,0.0,0.0,True,0.01776123046875,0.5532646048109966,71,6,4,0
12,140,383,4,1092,135044,135045,135732,be63c000,-0.222412109375,-0.222412109375,0.0,0.0,True,-0.21575927734375,0.030834512022630836,67,5,8,0
12,140,383,5,1365,135733,135734,136421,be3a0000,-0.181640625,-0.181640625,0.0,0.0,True,-0.17816162109375,0.019527235354573486,67,4,3,0
12,140,383,6,1638,136422,136423,137110,3e254000,0.161376953125,0.161376953125,0.0,0.0,True,0.168853759765625,0.044279775890113865,68,4,5,0
12,140,383,7,1911,137111,137112,137799,be718000,-0.23583984375,-0.23583984375,0.0,0.0,True,-0.241729736328125,0.024365610402726928,66,11,1,0
12,140,383,8,2184,137800,137801,138488,3d7a0000,0.06103515625,0.06103515625,0.0,0.0,True,0.067474365234375,0.09543193125282677,70,10,5,0
12,140,383,9,2457,138489,138490,139177,3e410000,0.1884765625,0.1884765625,0.0,0.0,True,0.194366455078125,0.030303030303030304,69,0,8,0
12,140,383,10,2730,139178,139179,139866,3e0e8000,0.13916015625,0.13916015625,0.0,0.0,True,0.138885498046875,0.001977587343441002,70,2,2,0
12,140,383,11,3003,139867,139868,140555,3cea0000,0.028564453125,0.028564453125,0.0,0.0,True,0.03973388671875,0.28110599078341014,71,0,3,0
12,140,383,12,3276,140556,140557,141244,be8c0000,-0.2734375,-0.2734375,0.0,0.0,True,-0.2708740234375,0.00946372239747634,62,14,0,0
12,140,383,13,3549,141245,141246,141933,bd4d0000,-0.050048828125,-0.050048828125,0.0,0.0,True,-0.04254150390625,0.17647058823529413,71,5,2,0
12,140,383,14,3822,141934,141935,142622,bc780000,-0.01513671875,-0.01513671875,0.0,0.0,True,-0.022735595703125,0.33422818791946307,62,42,0,0
12,140,383,15,4095,142623,142624,143311,be044000,-0.129150390625,-0.129150390625,0.0,0.0,True,-0.12969970703125,0.0042352941176470585,71,0,7,0
13,141,3568,0,0,143312,143313,144000,bdb10000,-0.08642578125,-0.08642578125,0.0,0.0,True,-0.09149169921875,0.05537024683122081,71,3,1,0
13,141,3568,1,273,144001,144002,144689,3e85a000,0.260986328125,0.260986328125,0.0,0.0,True,0.25567626953125,0.02076867987586536,75,9,2,0
13,141,3568,2,546,144690,144691,145378,bdb00000,-0.0859375,-0.0859375,0.0,0.0,True,-0.087921142578125,0.022561610551891705,73,27,2,0
13,141,3568,3,819,145379,145380,146067,3e028000,0.12744140625,0.12744140625,0.0,0.0,True,0.134796142578125,0.05456191985510527,86,9,1,0
13,141,3568,4,1092,146068,146069,146756,3d230000,0.039794921875,0.039794921875,0.0,0.0,True,0.039031982421875,0.019546520719311962,78,4,4,0
13,141,3568,5,1365,146757,146758,147445,bd160000,-0.03662109375,-0.03662109375,0.0,0.0,True,-0.042144775390625,0.13106444605358436,77,3,9,0
13,141,3568,6,1638,147446,147447,148134,3c2c0000,0.010498046875,0.010498046875,0.0,0.0,True,0.018585205078125,0.4351395730706076,81,2,8,0
13,141,3568,7,1911,148135,148136,148823,bead6000,-0.338623046875,-0.338623046875,0.0,0.0,True,-0.352813720703125,0.040221434131995505,79,60,1,0
13,141,3568,8,2184,148824,148825,149512,bd8e8000,-0.069580078125,-0.069580078125,0.0,0.0,True,-0.0638427734375,0.08986615678776291,77,22,1,0
13,141,3568,9,2457,149513,149514,150201,bcae0000,-0.021240234375,-0.021240234375,0.0,0.0,True,-0.0206298828125,0.029585798816568046,71,3,2,0
13,141,3568,10,2730,150202,150203,150890,bdd40000,-0.103515625,-0.103515625,0.0,0.0,True,-0.11004638671875,0.059345535219079315,72,5,5,0
13,141,3568,11,3003,150891,150892,151579,3d710000,0.058837890625,0.058837890625,0.0,0.0,True,0.063629150390625,0.07529976019184652,75,18,1,0
13,141,3568,12,3276,151580,151581,152268,be16c000,-0.147216796875,-0.147216796875,0.0,0.0,True,-0.1427001953125,0.03165098374679213,67,9,2,0
13,141,3568,13,3549,152269,152270,152957,be114000,-0.141845703125,-0.141845703125,0.0,0.0,True,-0.148406982421875,0.044211392144766604,80,17,1,0
13,141,3568,14,3822,152958,152959,153646,be504000,-0.203369140625,-0.203369140625,0.0,0.0,True,-0.206787109375,0.01652892561983471,79,34,0,0
13,141,3568,15,4095,153647,153648,154335,3cdc0000,0.02685546875,0.02685546875,0.0,0.0,True,0.02362060546875,0.13695090439276486,76,12,0,0
14,142,2056,0,0,154336,154337,155024,3e220000,0.158203125,0.158203125,0.0,0.0,True,0.141845703125,0.1153184165232358,136,5,2,0
14,142,2056,1,273,155025,155026,155713,3e648000,0.22314453125,0.22314453125,0.0,0.0,True,0.237945556640625,0.062203411568552004,144,5,4,0
14,142,2056,2,546,155714,155715,156402,bcba0000,-0.022705078125,-0.022705078125,0.0,0.0,True,-0.04168701171875,0.45534407027818447,148,23,0,0
14,142,2056,3,819,156403,156404,157091,3d958000,0.072998046875,0.072998046875,0.0,0.0,True,0.079132080078125,0.0775163902815272,141,2,0,0
14,142,2056,4,1092,157092,157093,157780,be8ec000,-0.27880859375,-0.27880859375,0.0,0.0,True,-0.281494140625,0.009540329575021683,136,3,6,0
14,142,2056,5,1365,157781,157782,158469,be362000,-0.1778564453125,-0.1778564453125,0.0,0.0,True,-0.165740966796875,0.07309887681826552,149,4,2,0
14,142,2056,6,1638,158470,158471,159158,3d720000,0.05908203125,0.05908203125,0.0,0.0,True,0.0574951171875,0.027600849256900213,150,0,11,0
14,142,2056,7,1911,159159,159160,159847,beeda000,-0.464111328125,-0.464111328125,0.0,0.0,True,-0.464935302734375,0.0017722349852313751,143,31,3,0
14,142,2056,8,2184,159848,159849,160536,3d2f8000,0.0428466796875,0.0428466796875,0.0,0.0,True,0.05340576171875,0.1977142857142857,146,2,2,0
14,142,2056,9,2457,160537,160538,161225,bd180000,-0.037109375,-0.037109375,0.0,0.0,True,-0.04296875,0.13636363636363635,151,1,10,0
14,142,2056,10,2730,161226,161227,161914,bda20000,-0.0791015625,-0.0791015625,0.0,0.0,True,-0.0836181640625,0.05401459854014599,147,3,1,0
14,142,2056,11,3003,161915,161916,162603,3d360000,0.04443359375,0.04443359375,0.0,0.0,True,0.0413818359375,0.07374631268436578,152,9,1,0
14,142,2056,12,3276,162604,162605,163292,3e992000,0.299072265625,0.299072265625,0.0,0.0,True,0.32086181640625,0.06790945406125166,137,18,3,0
14,142,2056,13,3549,163293,163294,163981,3bd80000,0.006591796875,0.006591796875,0.0,0.0,True,0.02142333984375,0.6923076923076923,142,16,1,0
14,142,2056,14,3822,163982,163983,164670,bd260000,-0.04052734375,-0.04052734375,0.0,0.0,True,-0.0382080078125,0.06070287539936102,142,1,5,0
14,142,2056,15,4095,164671,164672,165359,bbb80000,-0.005615234375,-0.005615234375,0.0,0.0,True,-0.01678466796875,0.6654545454545454,144,6,2,0
15,143,540,0,0,165360,165361,166048,3cac0000,0.02099609375,0.02099609375,0.0,0.0,True,0.020050048828125,0.0471841704718417,149,1,11,0
15,143,540,1,273,166049,166050,166737,3e238000,0.15966796875,0.15966796875,0.0,0.0,True,0.1678466796875,0.04872727272727273,142,23,0,0
15,143,540,2,546,166738,166739,167426,beb1c000,-0.34716796875,-0.34716796875,0.0,0.0,True,-0.34454345703125,0.007617360496014172,148,27,5,0
15,143,540,3,819,167427,167428,168115,beb3e000,-0.351318359375,-0.351318359375,0.0,0.0,True,-0.35296630859375,0.00466885699463946,151,6,0,0
15,143,540,4,1092,168116,168117,168804,bd9e8000,-0.077392578125,-0.077392578125,0.0,0.0,True,-0.06744384765625,0.14751131221719457,140,1,5,0
15,143,540,5,1365,168805,168806,169493,3e3d8000,0.18505859375,0.18505859375,0.0,0.0,True,0.18646240234375,0.0075286415711947625,142,6,0,0
15,143,540,6,1638,169494,169495,170182,bd030000,-0.031982421875,-0.031982421875,0.0,0.0,True,-0.0352783203125,0.09342560553633218,153,13,1,0
15,143,540,7,1911,170183,170184,170871,be816000,-0.252685546875,-0.252685546875,0.0,0.0,True,-0.25006103515625,0.010495484500854283,144,1,7,0
15,143,540,8,2184,170872,170873,171560,bdc48000,-0.095947265625,-0.095947265625,0.0,0.0,True,-0.1102294921875,0.12956810631229235,152,7,5,0
15,143,540,9,2457,171561,171562,172249,3e304000,0.172119140625,0.172119140625,0.0,0.0,True,0.1702880859375,0.010752688172043012,144,34,0,0
15,143,540,10,2730,172250,172251,172938,be0f0000,-0.1396484375,-0.1396484375,0.0,0.0,True,-0.1318359375,0.05925925925925926,146,1,5,0
15,143,540,11,3003,172939,172940,173627,be520000,-0.205078125,-0.205078125,0.0,0.0,True,-0.20599365234375,0.0044444444444444444,148,14,2,0
15,143,540,12,3276,173628,173629,174316,3eee8000,0.4658203125,0.4658203125,0.0,0.0,True,0.47113037109375,0.011270890011659542,132,12,0,0
15,143,540,13,3549,174317,174318,175005,bcde0000,-0.027099609375,-0.027099609375,0.0,0.0,True,-0.033294677734375,0.1860678276810266,137,12,2,0
15,143,540,14,3822,175006,175007,175694,3de10000,0.10986328125,0.10986328125,0.0,0.0,True,0.111328125,0.013157894736842105,142,2,2,0
15,143,540,15,4095,175695,175696,176383,3e0b0000,0.1357421875,0.1357421875,0.0,0.0,True,0.1337890625,0.014598540145985401,146,12,0,0
